ingreso_mensual,antiguedad_empresa,tipo_plan,servidor_propio,accesos_api,servicios_activos,monto_suscripcion,rubro_empresa,tamano_empresa,cantidad_empleados,cancelo_servicio
164125.19,20,empresarial,True,13,6,1263.66,tecnologia,mediana,117,False
29826.35,22,profesional,False,6,2,519.57,educacion,pequena,2,False
327997.37,8,empresarial,False,25,1,1301.95,tecnologia,grande,1044,False
126841.09,11,profesional,True,6,8,408.12,tecnologia,mediana,182,True
22125.29,29,basico,False,2,4,182.75,salud,pequena,39,True
389887.88,26,personalizado,True,48,7,2667.23,comercio,grande,390,False
29607.42,12,empresarial,False,25,7,950.1,servicios,pequena,39,False
45178.09,7,empresarial,False,21,0,1101.12,comercio,pequena,24,True
26772.3,9,basico,False,0,6,159.0,manufactura,pequena,2,True
150558.03,16,profesional,True,9,3,455.53,educacion,mediana,58,False
26775.21,17,basico,False,2,8,135.43,salud,pequena,24,False
25224.8,5,personalizado,True,29,1,2169.6,salud,pequena,21,True
12206.1,2,profesional,True,2,0,387.47,educacion,pequena,40,True
36105.63,15,empresarial,True,17,5,981.07,servicios,pequena,21,False
19978.75,24,profesional,False,9,4,436.43,comercio,pequena,43,False
18529.52,4,basico,True,2,4,182.85,tecnologia,pequena,11,False
37812.31,12,profesional,True,4,2,489.14,salud,pequena,20,False
36582.23,5,basico,False,2,4,156.15,servicios,pequena,38,True
50286.61,7,empresarial,False,49,8,1262.77,tecnologia,mediana,212,False
21378.09,18,profesional,False,6,6,492.16,educacion,pequena,17,False
137833.06,8,empresarial,False,37,8,1000.1,servicios,mediana,90,False
24401.46,8,basico,True,0,2,142.53,manufactura,pequena,30,True
32825.18,30,personalizado,False,34,7,2185.31,servicios,pequena,39,False
40535.65,5,empresarial,False,37,3,1231.98,salud,pequena,26,False
28681.47,5,empresarial,False,12,8,1163.5,salud,pequena,43,False
44748.91,28,basico,False,2,7,153.66,comercio,pequena,44,False
108727.89,17,profesional,False,4,1,495.22,servicios,mediana,243,True
22652.01,1,basico,True,3,8,192.98,comercio,pequena,7,False
33287.11,13,basico,False,2,5,148.71,manufactura,pequena,30,False
96893.13,17,profesional,False,8,6,487.84,educacion,mediana,89,False
44982.89,7,empresarial,True,29,5,1172.78,salud,pequena,12,False
36868.91,16,personalizado,False,32,1,2696.73,manufactura,pequena,16,True
25256.74,20,basico,False,2,8,176.79,educacion,pequena,33,False
22833.07,7,basico,False,0,1,176.71,servicios,pequena,22,True
30760.7,25,profesional,True,11,7,423.31,educacion,pequena,43,False
67873.99,14,basico,True,1,1,157.81,salud,mediana,147,True
469794.21,29,basico,False,2,7,182.25,comercio,grande,803,False
29545.32,2,profesional,False,2,3,459.76,educacion,pequena,38,True
72662.73,10,basico,False,3,2,193.94,educacion,mediana,241,True
157506.82,22,profesional,False,10,2,456.37,tecnologia,mediana,137,False
23378.65,27,profesional,False,6,2,483.28,tecnologia,pequena,37,False
126317.88,6,empresarial,True,36,8,1169.89,salud,mediana,233,False
80729.45,30,empresarial,True,48,6,1149.66,salud,mediana,124,False
603791.31,5,basico,False,2,6,184.58,salud,grande,561,False
580484.87,12,empresarial,True,28,5,1011.86,tecnologia,grande,518,True
16346.22,9,empresarial,True,9,3,1215.99,comercio,pequena,39,False
32166.31,13,profesional,False,2,8,507.77,tecnologia,pequena,46,False
38666.79,27,basico,False,2,2,184.96,manufactura,pequena,42,False
41244.98,22,profesional,True,10,8,505.86,servicios,pequena,21,True
27033.65,24,basico,False,0,3,192.3,comercio,pequena,37,True
477298.94,7,basico,True,3,3,186.37,salud,grande,1315,False
23464.5,29,basico,False,3,4,151.04,tecnologia,pequena,28,True
30280.19,13,empresarial,False,30,6,1360.65,comercio,pequena,4,False
80513.13,20,profesional,True,2,6,576.59,tecnologia,mediana,136,False
25582.64,21,empresarial,False,46,6,1062.31,comercio,pequena,48,False
26377.54,20,empresarial,False,26,0,1237.05,salud,pequena,34,True
581685.54,18,profesional,False,4,1,439.57,servicios,grande,414,False
22058.48,14,profesional,False,9,7,514.04,comercio,pequena,13,False
22575.03,20,basico,False,3,8,133.82,salud,pequena,49,False
42073.62,28,basico,False,3,1,177.06,manufactura,pequena,28,True
383803.81,12,profesional,False,5,8,467.51,servicios,grande,1162,False
12956.33,15,profesional,False,10,2,501.43,salud,pequena,38,False
12405.29,5,profesional,False,5,8,387.74,comercio,pequena,32,True
15428.47,11,empresarial,True,33,8,1279.24,salud,pequena,17,True
23967.12,23,profesional,False,10,5,482.94,comercio,pequena,31,False
390736.42,19,profesional,False,6,1,509.11,servicios,grande,898,True
30912.53,6,profesional,False,8,7,446.42,comercio,pequena,43,False
743043.52,16,basico,False,1,0,137.34,manufactura,grande,683,True
30289.36,25,basico,True,3,3,156.89,tecnologia,pequena,26,False
18079.14,3,profesional,False,5,5,573.66,educacion,pequena,26,False
625744.05,1,basico,False,0,0,142.88,servicios,grande,720,True
24799.05,12,profesional,True,11,3,519.36,salud,pequena,6,False
9157.84,20,empresarial,True,41,7,959.67,educacion,pequena,2,False
397324.79,9,basico,True,3,0,175.97,servicios,grande,622,True
13784.34,25,basico,True,1,3,143.59,servicios,pequena,22,False
32641.08,26,basico,True,1,0,157.98,comercio,pequena,43,True
583050.71,16,basico,False,1,5,152.32,salud,grande,849,False
31110.61,11,profesional,False,4,0,405.35,educacion,pequena,8,True
6603.45,1,profesional,False,10,2,452.48,salud,pequena,6,True
10164.33,25,empresarial,False,29,4,1108.31,comercio,pequena,19,False
31632.15,27,profesional,False,3,1,488.23,comercio,pequena,46,True
3000.0,13,profesional,False,10,2,579.4,servicios,pequena,4,True
114769.04,16,empresarial,False,39,7,1167.66,servicios,mediana,93,False
6766.83,23,basico,True,3,6,189.22,servicios,pequena,3,False
178442.03,21,basico,True,1,0,158.66,servicios,mediana,85,True
16114.15,4,basico,False,0,7,134.76,manufactura,pequena,49,True
35489.04,20,empresarial,False,13,4,1048.93,manufactura,pequena,34,False
57081.61,28,profesional,False,5,1,465.02,manufactura,pequena,25,True
169846.47,23,basico,False,2,8,149.46,educacion,mediana,134,False
31953.77,14,profesional,True,5,3,557.83,educacion,pequena,19,False
6918.37,16,basico,True,0,2,173.31,comercio,pequena,27,True
544452.54,8,profesional,True,8,1,499.61,salud,grande,612,False
102816.87,20,profesional,True,6,7,481.97,comercio,mediana,169,False
26297.82,7,profesional,True,11,2,462.95,comercio,pequena,49,False
480454.61,10,basico,False,1,5,168.82,salud,grande,1136,False
32805.41,8,profesional,False,9,2,407.73,educacion,pequena,14,False
10516.42,10,basico,False,0,8,138.47,comercio,pequena,8,True
37416.37,11,basico,False,0,7,147.96,servicios,pequena,36,True
20907.5,2,basico,False,2,4,139.05,servicios,pequena,24,True
10973.09,22,personalizado,False,31,3,2655.8,tecnologia,pequena,15,False
102283.39,13,personalizado,True,21,5,1980.64,tecnologia,mediana,211,False
24326.57,29,profesional,False,11,4,414.94,comercio,pequena,5,True
161022.53,5,basico,True,0,8,188.43,manufactura,mediana,228,False
369227.86,20,personalizado,True,11,6,2987.46,servicios,grande,330,False
160552.03,5,empresarial,False,14,0,1176.36,tecnologia,mediana,147,False
66539.18,16,empresarial,False,48,7,1180.21,manufactura,mediana,161,False
193908.18,15,profesional,False,3,1,539.11,tecnologia,mediana,204,True
722910.12,13,basico,False,1,2,129.94,comercio,grande,470,True
29375.18,20,basico,False,1,3,156.32,servicios,pequena,18,True
26762.93,25,personalizado,True,22,1,2058.32,tecnologia,pequena,14,True
23001.2,9,profesional,False,9,8,463.69,tecnologia,pequena,9,False
24494.43,26,basico,False,3,8,193.91,educacion,pequena,37,True
38045.92,5,basico,True,2,1,178.37,salud,pequena,43,True
44652.89,9,profesional,False,10,2,581.97,servicios,mediana,159,False
21050.03,9,basico,False,1,3,177.86,servicios,pequena,26,True
414376.59,29,empresarial,False,41,6,1236.01,tecnologia,grande,666,False
19462.35,3,empresarial,False,47,5,1308.34,tecnologia,pequena,21,False
10979.04,12,empresarial,False,18,6,1261.25,manufactura,pequena,3,False
17496.25,13,profesional,False,11,0,476.47,comercio,pequena,19,True
39984.2,24,profesional,False,4,4,441.74,servicios,pequena,35,False
22934.01,15,profesional,False,9,1,487.84,salud,pequena,33,True
32044.12,29,profesional,False,11,2,434.84,tecnologia,pequena,49,False
3000.0,22,basico,False,2,6,160.35,servicios,pequena,49,True
30683.11,21,profesional,False,8,1,412.09,tecnologia,pequena,13,True
23386.47,23,basico,False,1,0,165.66,educacion,pequena,2,True
20185.6,5,profesional,False,8,4,432.17,salud,pequena,15,False
26809.6,13,basico,False,1,6,147.32,educacion,pequena,44,False
20041.75,18,basico,False,0,4,161.18,manufactura,pequena,41,True
3761.25,6,basico,True,1,1,138.47,salud,pequena,6,True
34222.48,3,profesional,True,11,6,577.38,servicios,pequena,9,False
27430.18,4,basico,False,1,3,157.67,servicios,pequena,29,True
111197.35,24,personalizado,True,46,6,2319.61,educacion,mediana,152,False
418136.95,20,profesional,False,10,1,388.41,tecnologia,grande,1020,True
429196.11,8,basico,False,1,8,184.42,manufactura,grande,1077,False
27238.93,22,profesional,True,11,2,509.23,servicios,pequena,12,False
41134.41,21,basico,True,0,8,155.61,comercio,pequena,3,False
27031.66,25,personalizado,True,40,3,2209.13,educacion,pequena,32,False
126472.74,28,profesional,False,8,6,533.39,educacion,mediana,105,False
58874.61,27,empresarial,True,12,4,1403.01,tecnologia,mediana,98,False
78828.71,5,basico,False,3,0,153.2,salud,mediana,150,True
670216.11,23,profesional,False,10,0,409.81,comercio,grande,327,True
31067.33,12,profesional,False,9,3,404.61,manufactura,pequena,16,False
83363.81,12,personalizado,True,11,1,1961.58,servicios,mediana,132,False
134746.43,20,profesional,False,11,5,533.15,servicios,mediana,118,False
14965.21,18,profesional,True,7,1,581.23,educacion,pequena,41,False
388841.48,13,basico,False,2,5,194.52,comercio,grande,876,False
23115.27,30,basico,True,0,1,180.43,manufactura,pequena,35,True
264047.94,5,profesional,True,5,1,415.34,manufactura,grande,1328,False
59087.46,3,profesional,True,11,3,580.49,educacion,mediana,169,False
32045.76,0,basico,False,0,5,149.63,servicios,pequena,42,True
95963.47,25,empresarial,False,38,3,1100.14,tecnologia,mediana,172,False
25469.76,12,empresarial,False,10,3,1275.23,servicios,pequena,11,True
115315.85,13,basico,False,1,3,130.81,tecnologia,mediana,129,False
86844.74,20,profesional,False,4,3,549.72,tecnologia,mediana,147,False
161724.27,13,basico,False,2,3,194.82,salud,mediana,144,True
660888.44,17,profesional,False,4,7,539.45,tecnologia,grande,1095,False
35644.7,1,basico,False,0,5,180.26,tecnologia,pequena,42,True
23348.01,4,profesional,False,9,3,461.54,tecnologia,pequena,25,False
24041.66,28,empresarial,True,22,6,967.63,educacion,pequena,30,True
7919.12,13,empresarial,False,14,4,1327.37,manufactura,pequena,5,False
23532.83,5,basico,True,1,8,167.81,tecnologia,pequena,34,False
31135.86,11,personalizado,True,17,5,2896.17,salud,pequena,34,True
11635.9,10,basico,False,0,1,135.33,servicios,pequena,33,True
29986.36,8,basico,True,1,5,148.1,tecnologia,pequena,39,False
632293.21,9,profesional,False,8,6,455.53,tecnologia,grande,993,False
18562.44,22,basico,True,1,1,173.62,servicios,pequena,42,True
530080.38,3,empresarial,False,8,1,1324.93,servicios,grande,1441,False
3000.0,9,empresarial,False,9,5,1410.71,salud,pequena,49,False
28466.81,14,basico,False,1,7,147.44,servicios,pequena,34,False
41194.35,16,personalizado,False,46,3,2465.91,tecnologia,pequena,34,False
39399.43,27,basico,True,0,4,129.45,comercio,pequena,28,True
28898.07,28,profesional,False,9,5,433.73,manufactura,pequena,38,False
21983.19,9,basico,True,1,5,152.75,comercio,pequena,5,False
18641.97,16,personalizado,True,15,1,2569.59,manufactura,pequena,26,True
21970.74,0,basico,False,3,3,159.28,educacion,pequena,22,True
81299.61,19,basico,False,2,8,152.1,manufactura,mediana,133,False
16927.56,4,profesional,True,8,7,508.88,educacion,pequena,5,False
64747.27,2,personalizado,False,15,6,2812.62,comercio,mediana,237,False
46331.61,20,empresarial,False,15,0,1054.63,comercio,pequena,10,True
517815.28,5,empresarial,False,38,3,1104.72,comercio,grande,1017,False
34671.35,14,empresarial,True,20,0,1283.94,manufactura,mediana,213,False
210518.79,3,empresarial,False,18,2,1320.08,tecnologia,grande,783,False
95115.02,23,profesional,False,4,7,549.64,tecnologia,mediana,53,False
24402.54,23,basico,False,2,3,141.63,tecnologia,pequena,25,True
33768.31,17,empresarial,False,31,1,1201.94,tecnologia,pequena,48,False
19663.66,25,profesional,False,4,6,564.75,servicios,pequena,37,False
119585.94,13,basico,True,3,6,153.96,comercio,mediana,140,False
144908.46,5,basico,True,3,5,156.52,servicios,mediana,122,False
17674.96,4,empresarial,False,42,7,1422.49,tecnologia,pequena,21,False
623507.67,6,basico,False,3,6,135.13,salud,grande,962,False
13029.46,6,personalizado,False,9,5,2685.3,educacion,pequena,8,False
178762.24,10,basico,False,3,8,184.89,comercio,mediana,161,False
141537.76,6,basico,False,3,2,137.68,servicios,mediana,52,True
31445.14,18,empresarial,True,38,4,1288.65,servicios,pequena,22,False
201388.59,4,basico,False,0,5,159.21,servicios,mediana,230,True
89897.96,19,basico,False,0,6,185.07,tecnologia,mediana,178,False
22661.19,10,profesional,False,9,4,566.26,comercio,pequena,45,False
36011.93,21,empresarial,False,11,3,1366.88,salud,pequena,17,True
19792.68,15,basico,False,3,1,131.85,comercio,pequena,2,True
85903.24,28,basico,True,1,5,178.59,manufactura,mediana,222,False
26554.64,13,empresarial,True,46,1,1391.16,salud,pequena,23,True
576147.01,9,personalizado,True,41,4,2598.1,salud,grande,914,False
546001.81,18,profesional,True,2,3,504.18,servicios,grande,763,False
28537.5,20,basico,False,0,6,130.54,manufactura,pequena,46,True
31439.93,13,basico,True,0,4,185.28,tecnologia,pequena,32,True
34257.31,17,basico,False,0,0,130.63,tecnologia,mediana,54,True
107004.96,14,basico,False,2,4,148.66,salud,mediana,225,True
15366.68,9,profesional,False,7,1,569.99,educacion,pequena,33,True
14161.04,9,basico,False,1,3,191.61,comercio,pequena,19,True
11678.54,28,profesional,False,6,2,583.36,educacion,pequena,35,True
306516.98,20,profesional,False,2,1,478.97,manufactura,grande,787,True
27900.5,2,profesional,True,9,8,418.43,servicios,pequena,17,False
799555.44,29,basico,True,1,2,160.44,salud,grande,333,False
3000.0,22,empresarial,False,46,4,985.64,comercio,pequena,43,False
491714.58,1,empresarial,False,43,7,1366.91,comercio,grande,844,False
16057.28,22,empresarial,True,33,3,1212.47,educacion,pequena,12,True
45518.13,18,basico,False,2,8,154.8,comercio,pequena,36,False
847221.89,28,basico,False,3,3,132.87,salud,grande,786,False
397398.29,15,personalizado,False,43,8,2374.42,salud,grande,617,False
3000.0,16,profesional,False,10,4,557.9,tecnologia,pequena,48,True
28621.25,9,basico,False,3,0,174.98,tecnologia,pequena,9,True
13987.43,9,profesional,True,10,7,399.2,comercio,pequena,43,False
14270.0,19,profesional,True,10,7,414.88,servicios,pequena,22,True
11274.86,25,personalizado,True,44,8,2361.04,salud,pequena,16,False
645038.53,27,basico,False,1,1,134.34,tecnologia,grande,1230,False
32114.64,23,personalizado,True,10,7,2921.73,servicios,pequena,34,False
139324.87,18,basico,False,2,3,171.53,educacion,mediana,117,False
18142.93,15,profesional,False,7,7,401.7,educacion,pequena,24,False
27188.19,10,profesional,False,4,8,542.08,servicios,pequena,40,False
51029.8,23,basico,False,2,1,152.37,tecnologia,mediana,73,True
21649.61,9,basico,False,3,3,144.03,comercio,pequena,28,True
90862.76,8,profesional,False,10,2,497.92,salud,mediana,235,False
29644.5,26,personalizado,False,30,2,1968.84,tecnologia,pequena,29,False
410752.6,18,profesional,False,6,5,476.74,salud,grande,800,False
64187.64,10,personalizado,False,31,3,2828.34,comercio,mediana,212,False
425155.97,26,empresarial,False,22,5,1394.39,tecnologia,grande,1294,False
34984.68,29,profesional,True,9,6,451.87,comercio,pequena,28,False
24559.15,9,empresarial,False,25,1,1253.01,educacion,pequena,23,True
21754.03,16,basico,False,2,0,142.81,tecnologia,pequena,32,True
17914.89,14,basico,False,0,6,165.31,tecnologia,pequena,26,True
19400.64,21,empresarial,True,40,1,1060.74,servicios,pequena,15,True
42423.14,29,empresarial,False,35,1,1217.82,comercio,pequena,12,True
28074.11,17,basico,True,0,5,139.09,comercio,pequena,33,True
26746.12,24,profesional,False,4,2,573.1,tecnologia,pequena,47,False
22377.53,18,profesional,False,2,1,562.1,comercio,pequena,38,True
49459.79,27,empresarial,False,35,2,1101.77,comercio,pequena,32,False
38050.1,12,profesional,False,8,4,539.77,salud,pequena,46,False
129644.82,11,profesional,True,3,7,401.84,comercio,mediana,160,False
22263.85,13,basico,True,1,8,177.47,servicios,pequena,26,False
22857.55,30,profesional,False,6,6,439.7,servicios,pequena,7,False
26458.72,18,profesional,True,2,8,409.97,tecnologia,pequena,32,False
116512.9,4,empresarial,False,15,4,1270.7,tecnologia,mediana,58,False
29388.17,1,profesional,False,5,3,477.64,tecnologia,pequena,15,True
105983.9,16,basico,False,2,7,163.28,salud,mediana,137,False
575887.65,24,basico,False,0,2,162.64,tecnologia,grande,1022,True
13718.53,14,empresarial,True,12,7,964.43,servicios,pequena,17,False
310673.38,17,empresarial,False,45,8,960.43,manufactura,grande,351,False
60672.07,24,basico,False,2,3,168.08,servicios,mediana,233,True
44984.66,16,basico,False,3,5,169.61,educacion,pequena,10,False
35017.09,28,profesional,False,6,7,392.05,servicios,pequena,14,False
52397.59,19,basico,False,0,7,153.04,tecnologia,mediana,86,False
388685.26,22,empresarial,True,36,1,1238.36,educacion,grande,776,False
22136.87,24,basico,False,2,8,171.83,comercio,pequena,9,True
10482.95,19,basico,False,1,4,183.41,servicios,pequena,23,False
96296.36,1,personalizado,False,23,0,2390.46,salud,mediana,181,False
29910.55,13,basico,False,2,1,164.51,manufactura,pequena,17,True
83020.44,4,basico,False,0,6,166.55,tecnologia,mediana,116,True
22891.7,15,basico,True,2,3,148.56,servicios,pequena,15,False
110658.88,4,basico,True,0,0,131.13,educacion,mediana,121,True
470592.19,15,basico,False,2,4,127.79,educacion,grande,391,False
103324.8,10,basico,True,1,5,183.94,servicios,mediana,244,False
95183.82,0,basico,False,0,0,141.02,comercio,mediana,150,True
97700.89,3,basico,False,3,3,170.04,comercio,mediana,155,True
197770.37,15,profesional,True,8,4,499.35,salud,mediana,61,True
353059.52,2,profesional,True,6,7,463.43,tecnologia,grande,384,False
4153.94,26,profesional,True,8,5,551.28,comercio,pequena,35,True
225284.89,23,basico,False,3,0,174.64,tecnologia,mediana,221,True
39477.13,21,profesional,False,10,5,387.11,tecnologia,pequena,10,False
579679.1,5,empresarial,False,42,8,1319.46,servicios,grande,476,False
139494.05,24,empresarial,False,40,0,1185.96,salud,mediana,218,False
44620.06,19,basico,False,3,8,150.92,comercio,pequena,28,False
24570.59,12,basico,False,0,0,176.56,educacion,pequena,11,True
34533.04,0,basico,False,0,5,173.81,educacion,pequena,7,True
94607.15,16,basico,False,2,3,148.46,salud,mediana,162,True
19854.01,24,profesional,False,5,6,581.57,servicios,pequena,2,False
18224.91,1,profesional,False,8,7,513.86,servicios,pequena,24,True
562144.13,1,basico,False,1,7,168.39,comercio,grande,315,False
125222.19,11,basico,False,2,7,132.22,comercio,mediana,235,False
18583.68,15,profesional,False,3,7,439.06,educacion,pequena,18,False
16985.61,14,basico,False,2,2,157.67,salud,pequena,15,True
396997.79,13,empresarial,False,48,4,1247.16,educacion,grande,1276,False
114715.83,7,basico,True,0,6,162.11,salud,mediana,216,False
173057.49,1,personalizado,False,27,1,2744.74,salud,mediana,65,True
45937.79,0,basico,False,0,5,145.22,comercio,pequena,46,True
8391.33,3,empresarial,False,42,4,1282.57,comercio,pequena,11,True
21455.52,21,personalizado,True,40,8,2800.18,comercio,pequena,12,False
114803.3,24,personalizado,True,30,0,2746.83,tecnologia,mediana,166,False
34883.38,13,empresarial,False,23,0,1316.57,tecnologia,pequena,16,False
27865.94,2,empresarial,False,23,0,1374.81,manufactura,pequena,42,True
117741.53,12,profesional,False,4,4,399.55,comercio,mediana,105,False
338138.42,30,empresarial,True,43,4,1280.11,comercio,grande,1481,False
121818.7,7,basico,False,2,5,192.89,salud,mediana,181,False
41142.46,15,profesional,False,10,2,498.66,manufactura,pequena,28,False
30469.6,16,profesional,True,3,2,426.51,comercio,pequena,40,False
31698.23,10,empresarial,True,14,3,1429.38,servicios,pequena,23,False
3000.0,13,profesional,False,11,0,417.87,servicios,pequena,8,True
24332.11,14,profesional,False,8,6,450.45,salud,pequena,34,False
45832.11,14,profesional,False,11,0,417.34,salud,pequena,7,True
105033.82,22,basico,False,3,6,158.85,tecnologia,mediana,70,False
399263.43,18,basico,False,2,4,155.77,servicios,grande,610,False
454316.12,1,profesional,True,2,8,481.98,comercio,grande,1450,False
12984.81,0,profesional,True,8,6,570.42,servicios,pequena,43,False
42111.02,12,basico,False,1,4,159.79,salud,pequena,21,True
27442.78,28,basico,False,0,6,162.24,tecnologia,pequena,44,True
17322.04,1,basico,False,0,1,187.35,tecnologia,pequena,7,True
25341.58,2,basico,False,1,1,182.7,manufactura,pequena,7,True
3000.0,21,basico,True,1,4,143.68,salud,pequena,49,True
112582.89,13,profesional,False,7,7,385.12,tecnologia,mediana,141,False
25364.44,7,basico,False,3,7,169.99,manufactura,pequena,23,True
274097.43,6,personalizado,False,49,3,2829.42,servicios,grande,1183,False
5586.86,20,personalizado,False,31,2,2527.2,educacion,pequena,15,False
21188.45,16,profesional,False,9,8,425.26,educacion,pequena,34,False
35096.86,19,basico,True,2,5,177.54,tecnologia,pequena,41,False
10485.47,8,profesional,True,11,1,518.08,manufactura,pequena,45,True
27291.83,16,empresarial,False,30,2,1214.69,comercio,pequena,21,False
350216.25,26,profesional,True,4,7,557.33,servicios,grande,910,False
42143.8,9,empresarial,False,15,8,1323.2,comercio,pequena,9,False
22698.64,12,profesional,True,6,8,517.76,salud,pequena,5,False
91487.62,5,profesional,False,5,0,517.11,comercio,mediana,172,True
33549.6,19,basico,False,3,7,172.2,tecnologia,pequena,29,False
145548.18,1,empresarial,True,9,1,1194.96,manufactura,mediana,111,True
22791.17,7,basico,False,0,7,158.81,educacion,pequena,21,True
85537.93,22,profesional,False,2,7,526.19,salud,mediana,150,False
23610.88,0,empresarial,False,39,3,1237.19,servicios,pequena,40,True
33484.06,30,basico,False,2,1,160.57,servicios,pequena,47,True
103415.01,12,profesional,False,5,6,408.15,servicios,mediana,199,False
355340.63,12,basico,False,3,0,174.88,tecnologia,grande,690,True
26366.99,16,empresarial,True,41,5,1254.77,salud,pequena,43,False
139635.77,19,basico,False,1,2,150.6,servicios,mediana,226,False
16686.34,14,personalizado,False,11,3,2323.79,comercio,pequena,15,False
26451.67,27,basico,False,0,7,144.15,tecnologia,pequena,34,True
23068.39,29,personalizado,True,29,8,2950.58,servicios,pequena,9,False
91646.82,6,empresarial,False,22,3,1360.8,educacion,mediana,217,False
8693.42,21,profesional,False,10,2,496.11,salud,pequena,16,True
155146.69,9,empresarial,False,46,7,1133.82,servicios,mediana,191,False
17256.48,30,empresarial,False,42,3,1299.73,salud,pequena,3,False
371727.1,7,personalizado,True,14,1,2501.2,educacion,grande,1037,False
111394.11,9,basico,False,3,8,193.37,comercio,mediana,59,False
18744.95,22,profesional,True,3,8,393.66,educacion,pequena,3,False
37131.23,24,basico,False,0,2,129.81,tecnologia,pequena,33,True
34938.85,3,profesional,False,5,1,497.64,manufactura,pequena,34,True
359307.36,17,basico,False,1,1,141.22,servicios,grande,1379,True
32611.51,10,profesional,False,9,5,504.87,comercio,pequena,3,False
22114.47,18,profesional,False,6,2,540.74,comercio,pequena,7,False
24916.32,17,profesional,False,5,5,410.47,servicios,pequena,21,False
97000.09,30,profesional,False,3,6,471.72,tecnologia,mediana,50,False
34040.65,28,empresarial,False,32,0,1275.89,educacion,pequena,35,False
18065.87,20,empresarial,False,27,7,1347.76,educacion,pequena,5,False
324463.86,21,profesional,False,4,0,483.01,manufactura,grande,730,True
21841.66,27,profesional,False,4,1,424.25,tecnologia,pequena,43,True
130190.99,5,personalizado,False,21,6,2561.3,salud,mediana,139,False
32587.28,22,basico,False,3,5,158.18,comercio,pequena,47,False
25238.64,23,basico,False,3,8,179.6,salud,pequena,47,False
441081.72,3,basico,False,1,5,165.0,tecnologia,grande,716,False
65806.39,27,profesional,False,10,3,439.08,educacion,mediana,167,False
128880.35,21,profesional,False,8,6,535.26,educacion,mediana,50,False
18371.48,10,empresarial,True,41,6,1191.28,comercio,pequena,18,False
23737.63,15,profesional,False,6,6,418.45,tecnologia,pequena,37,False
25102.87,15,basico,False,0,3,165.51,tecnologia,pequena,39,True
33645.85,28,empresarial,False,17,8,1404.42,comercio,pequena,49,False
24001.55,30,empresarial,True,44,2,1284.23,tecnologia,pequena,17,False
43082.99,25,basico,False,1,3,147.67,servicios,pequena,18,True
23434.61,20,basico,True,1,2,175.48,educacion,pequena,3,False
22623.16,3,basico,False,1,2,146.58,manufactura,pequena,15,True
23289.68,28,basico,False,3,1,164.13,servicios,pequena,15,True
11833.59,4,basico,False,3,5,163.05,tecnologia,pequena,23,False
557514.18,5,personalizado,False,38,6,2211.05,salud,grande,1454,False
99861.74,2,profesional,True,3,3,452.95,servicios,mediana,228,False
36358.3,29,profesional,False,11,8,573.29,salud,pequena,39,False
77023.67,15,empresarial,True,44,4,1059.05,educacion,mediana,164,False
124707.02,7,profesional,False,5,4,544.71,educacion,mediana,198,False
37265.35,2,personalizado,True,30,0,2645.73,tecnologia,pequena,24,True
40511.77,12,empresarial,True,10,8,1198.65,salud,pequena,37,False
37553.82,22,profesional,False,10,1,410.35,servicios,pequena,13,True
16469.1,30,basico,False,3,1,141.31,servicios,pequena,22,True
124943.24,17,personalizado,True,10,8,2140.24,tecnologia,mediana,74,False
683252.04,18,empresarial,False,23,4,1225.46,manufactura,grande,928,False
27411.4,25,personalizado,True,13,0,2962.45,comercio,pequena,43,True
76086.65,27,basico,False,0,3,186.71,servicios,mediana,73,True
32183.48,8,empresarial,False,31,5,947.5,tecnologia,pequena,21,False
76196.57,30,profesional,False,7,0,437.93,servicios,mediana,71,True
106457.53,16,basico,True,1,6,138.11,servicios,mediana,244,False
27194.4,28,profesional,True,7,6,580.07,tecnologia,pequena,22,False
34265.6,3,profesional,False,10,0,430.21,tecnologia,pequena,21,True
168602.57,3,basico,True,2,5,141.09,servicios,mediana,103,False
396292.68,27,profesional,True,9,2,508.23,tecnologia,grande,1375,False
13856.1,20,empresarial,False,21,6,1210.31,salud,pequena,13,False
15164.2,5,basico,False,2,3,142.74,servicios,pequena,27,True
19369.0,27,profesional,True,6,1,518.25,salud,pequena,44,False
151408.69,3,profesional,False,5,4,402.14,comercio,mediana,158,False
149597.5,21,basico,False,3,3,128.81,educacion,mediana,248,True
95290.97,6,personalizado,True,48,3,2040.3,tecnologia,mediana,101,False
129427.44,2,empresarial,False,10,7,1115.61,servicios,mediana,188,False
536283.78,24,basico,True,1,5,193.31,comercio,grande,371,False
91102.13,26,personalizado,True,22,4,2521.4,tecnologia,mediana,216,False
36313.87,3,empresarial,True,10,2,1308.59,comercio,pequena,18,False
175187.23,2,basico,False,1,5,149.2,servicios,mediana,109,True
22973.51,19,empresarial,False,22,0,1291.07,tecnologia,pequena,19,True
28734.4,0,basico,False,0,7,192.72,servicios,pequena,14,True
564316.78,23,personalizado,False,13,0,2325.28,manufactura,grande,920,False
58865.82,28,profesional,False,3,6,584.81,servicios,mediana,178,False
585978.97,23,profesional,False,6,3,511.78,servicios,grande,768,False
23773.24,7,basico,False,1,6,178.03,servicios,pequena,41,False
23808.75,5,empresarial,False,25,3,1059.82,servicios,pequena,6,False
32436.07,21,basico,False,3,0,170.91,tecnologia,pequena,26,True
41453.33,1,basico,False,3,8,161.99,manufactura,pequena,22,True
34749.68,16,basico,False,2,6,192.06,salud,pequena,23,False
3443.93,13,empresarial,True,11,0,1382.81,salud,pequena,10,True
30633.99,23,basico,False,0,0,154.28,servicios,pequena,5,True
469991.79,6,personalizado,True,33,4,2935.01,servicios,grande,1020,False
31224.41,23,profesional,True,7,8,561.67,manufactura,pequena,24,False
13453.98,21,basico,False,1,5,167.35,educacion,pequena,40,False
55344.1,7,basico,False,2,0,133.04,educacion,mediana,223,True
12193.13,11,basico,False,3,6,138.35,comercio,pequena,13,False
359126.17,2,profesional,False,11,3,398.07,comercio,grande,650,True
163894.8,13,empresarial,False,44,5,988.46,comercio,mediana,242,False
25742.44,8,basico,False,1,3,193.44,tecnologia,pequena,22,True
146792.91,3,empresarial,True,19,0,1040.02,tecnologia,mediana,232,False
172149.43,17,basico,True,1,0,174.13,manufactura,mediana,113,True
80216.99,17,empresarial,True,48,5,1250.08,educacion,mediana,130,False
103237.54,2,personalizado,False,41,5,2608.23,servicios,mediana,165,False
123601.88,5,empresarial,False,47,2,1037.32,salud,mediana,139,False
79992.9,2,profesional,True,2,0,499.82,tecnologia,mediana,98,True
6282.99,21,empresarial,False,26,6,1244.64,tecnologia,pequena,18,False
102127.79,10,basico,False,2,1,166.0,comercio,mediana,171,True
462678.12,2,basico,False,0,1,140.07,servicios,grande,1495,True
111712.84,5,basico,False,0,4,176.31,comercio,mediana,117,True
112494.27,30,profesional,False,11,6,397.33,educacion,mediana,108,False
40705.44,7,empresarial,False,19,8,1227.64,servicios,pequena,18,False
89041.08,21,profesional,False,10,5,470.84,servicios,mediana,74,False
579297.1,14,empresarial,False,43,8,1058.89,comercio,grande,1168,False
14204.23,5,basico,False,3,5,182.0,tecnologia,pequena,23,True
34907.62,9,empresarial,False,35,7,1022.07,tecnologia,pequena,10,False
45975.11,0,basico,False,1,1,190.48,tecnologia,pequena,28,True
7381.83,23,basico,True,3,0,187.21,tecnologia,pequena,37,True
46483.34,10,empresarial,False,28,6,1113.49,salud,mediana,69,False
37647.8,15,personalizado,False,29,8,2270.83,servicios,pequena,48,False
10530.54,4,profesional,True,7,6,410.34,salud,pequena,31,False
80035.97,25,basico,False,1,3,189.35,salud,mediana,135,True
167021.93,6,profesional,True,3,4,509.58,comercio,mediana,146,False
110660.16,17,basico,True,3,1,129.65,manufactura,mediana,209,True
116186.94,27,empresarial,False,44,3,1187.94,salud,mediana,138,False
93086.93,22,empresarial,False,49,6,977.47,servicios,mediana,237,False
109447.74,18,basico,False,2,1,166.23,servicios,mediana,77,True
67466.13,27,basico,True,3,4,161.85,comercio,mediana,60,False
19676.22,5,basico,True,3,2,133.09,tecnologia,pequena,14,False
77204.7,29,personalizado,True,17,4,2799.42,comercio,mediana,121,False
34769.64,17,profesional,True,3,6,435.62,educacion,pequena,31,False
11282.24,12,empresarial,False,26,7,1203.03,servicios,pequena,39,False
22474.26,7,profesional,True,4,3,511.91,comercio,pequena,21,False
240250.51,23,profesional,False,2,7,577.37,manufactura,grande,440,False
139063.92,30,basico,True,2,6,160.83,salud,mediana,210,False
27798.2,21,personalizado,False,41,8,2904.42,tecnologia,pequena,21,False
158570.24,1,basico,False,2,6,151.45,comercio,mediana,233,False
23784.01,14,profesional,True,6,4,556.13,salud,pequena,7,False
94149.6,22,profesional,True,7,6,430.25,salud,mediana,131,False
73696.22,12,profesional,False,7,2,525.76,educacion,mediana,115,False
150136.06,23,personalizado,False,32,6,2046.71,comercio,mediana,131,False
112259.88,21,basico,False,0,6,194.06,manufactura,mediana,202,False
26646.88,2,profesional,True,4,5,575.67,tecnologia,pequena,45,False
22515.77,17,profesional,False,5,0,472.05,servicios,pequena,20,True
728577.94,5,profesional,False,4,4,488.6,tecnologia,grande,1440,False
104512.29,15,basico,False,0,6,167.85,tecnologia,mediana,195,False
6643.01,11,basico,False,2,1,146.07,educacion,pequena,34,True
28793.39,25,basico,False,0,7,173.03,educacion,pequena,10,True
11377.51,26,basico,False,0,7,174.65,educacion,pequena,4,True
37555.77,14,profesional,True,8,4,488.83,educacion,pequena,18,False
25302.47,16,profesional,True,5,8,412.42,servicios,pequena,8,False
22558.13,19,profesional,True,6,7,568.64,educacion,pequena,16,False
495612.52,20,profesional,False,7,4,405.8,educacion,grande,725,False
31222.59,19,profesional,False,9,7,509.91,educacion,pequena,30,False
16955.02,24,basico,True,2,8,134.46,tecnologia,pequena,12,False
15146.22,30,profesional,True,2,0,412.09,salud,pequena,2,True
36883.5,25,basico,False,3,8,128.89,comercio,pequena,12,False
155036.81,4,basico,True,0,0,152.03,salud,mediana,71,True
22650.71,14,profesional,True,3,4,512.02,tecnologia,pequena,39,False
128634.05,14,profesional,False,8,8,488.11,servicios,mediana,230,False
131724.95,15,basico,True,3,6,173.03,educacion,mediana,102,False
28830.13,16,profesional,False,8,2,519.19,servicios,pequena,28,False
106329.99,22,profesional,False,9,5,410.89,educacion,mediana,142,False
617346.47,13,empresarial,False,8,1,963.38,tecnologia,grande,883,False
19203.8,8,profesional,False,9,2,509.14,servicios,pequena,3,False
40560.16,14,profesional,True,3,8,514.78,salud,pequena,27,False
165730.09,26,basico,False,3,0,165.08,manufactura,grande,478,False
194191.46,9,empresarial,False,42,8,1056.65,educacion,grande,1418,False
32342.23,0,profesional,True,5,4,546.68,salud,pequena,31,False
63003.61,30,profesional,True,11,0,397.83,servicios,mediana,159,False
16593.76,6,profesional,True,11,7,510.54,salud,pequena,43,False
90269.62,18,basico,False,3,0,135.63,comercio,mediana,189,True
43464.4,24,profesional,True,3,2,515.03,salud,pequena,7,False
22413.07,8,empresarial,False,45,2,1141.77,salud,pequena,46,True
153241.75,10,empresarial,False,29,7,1290.46,servicios,mediana,145,False
533268.74,8,personalizado,False,29,3,2009.02,comercio,grande,1197,False
112768.49,4,profesional,False,6,5,494.9,educacion,mediana,62,False
42114.23,4,profesional,True,9,0,411.84,servicios,pequena,3,False
14957.65,5,empresarial,False,14,6,1272.78,educacion,pequena,19,False
541064.92,14,basico,False,2,6,135.6,manufactura,grande,666,False
363235.66,16,empresarial,True,22,2,971.42,educacion,grande,1191,False
31245.48,0,profesional,True,8,7,526.91,comercio,pequena,41,False
131218.06,26,basico,False,0,4,131.79,manufactura,mediana,200,False
20495.61,20,basico,True,1,6,142.66,tecnologia,pequena,12,False
26262.81,2,empresarial,True,9,1,1343.24,tecnologia,pequena,28,True
18393.23,26,basico,True,1,8,182.15,salud,pequena,24,False
26433.01,0,basico,True,1,2,185.15,manufactura,pequena,21,True
7259.03,17,basico,True,0,5,149.51,servicios,pequena,32,False
44473.85,14,basico,True,3,0,163.14,comercio,mediana,134,True
28234.74,15,basico,False,3,0,179.7,tecnologia,pequena,21,True
24424.45,29,empresarial,False,33,1,1002.81,servicios,pequena,5,True
21096.36,28,basico,False,0,8,176.4,tecnologia,pequena,45,True
16052.46,8,empresarial,True,48,1,983.26,tecnologia,pequena,46,True
32277.13,17,empresarial,False,34,7,1387.06,comercio,pequena,17,False
94815.82,29,basico,True,2,5,170.52,educacion,mediana,180,True
30118.96,22,basico,False,2,0,160.8,servicios,pequena,43,True
104343.1,27,profesional,False,8,3,480.66,manufactura,mediana,167,False
525831.2,13,basico,False,1,4,139.74,manufactura,grande,679,False
9948.72,8,basico,False,0,2,150.85,tecnologia,pequena,46,True
562786.33,15,personalizado,False,31,5,2707.57,comercio,grande,679,False
685888.21,25,personalizado,False,9,7,2514.88,educacion,grande,1414,True
66753.16,28,empresarial,True,12,7,1197.01,tecnologia,mediana,216,False
106215.77,21,basico,False,2,4,140.68,comercio,mediana,123,True
83920.42,21,profesional,False,3,8,522.3,comercio,mediana,101,False
123368.71,15,empresarial,False,28,8,1129.06,tecnologia,mediana,59,False
63017.6,9,profesional,False,10,0,419.51,salud,mediana,196,True
22467.71,13,profesional,False,3,5,573.62,manufactura,pequena,33,False
405949.55,15,basico,True,1,6,161.71,tecnologia,grande,1295,False
141765.84,25,basico,True,2,0,163.14,educacion,mediana,223,True
83254.13,17,profesional,False,4,5,581.23,manufactura,mediana,75,False
32216.62,24,basico,False,3,8,152.23,manufactura,pequena,12,False
35837.31,0,basico,False,1,2,191.15,servicios,pequena,28,True
15426.07,23,empresarial,False,15,7,1278.99,educacion,pequena,36,True
25240.77,15,personalizado,True,9,8,2610.25,servicios,pequena,4,False
11184.21,30,profesional,False,4,5,429.97,comercio,pequena,32,False
23187.8,14,empresarial,True,18,5,960.62,comercio,pequena,14,False
33369.23,14,personalizado,False,16,4,2408.11,tecnologia,pequena,21,False
20650.42,3,basico,False,0,3,128.19,educacion,pequena,33,True
22509.65,25,profesional,False,4,4,396.88,comercio,pequena,2,False
641231.1,21,profesional,False,8,4,503.05,comercio,grande,1477,False
18516.42,26,basico,True,3,4,176.4,manufactura,pequena,23,False
42581.11,2,empresarial,False,10,7,1018.13,comercio,pequena,47,False
25729.25,6,profesional,True,9,6,530.83,comercio,pequena,2,False
14976.92,27,profesional,True,5,3,574.82,tecnologia,pequena,39,False
21852.28,1,basico,False,2,4,177.66,educacion,pequena,5,True
48742.46,15,basico,False,2,1,180.47,comercio,mediana,233,True
457545.14,12,personalizado,False,25,1,2680.24,comercio,grande,1134,False
38603.4,29,basico,False,1,3,142.67,comercio,pequena,24,True
83668.28,26,basico,True,3,0,151.86,manufactura,mediana,193,True
43907.3,27,basico,False,1,7,191.58,servicios,pequena,38,False
24046.52,8,profesional,True,6,1,516.4,educacion,pequena,15,True
24640.21,18,profesional,False,4,2,542.28,salud,pequena,39,False
31408.94,21,profesional,False,6,2,578.66,servicios,pequena,33,False
129221.67,29,basico,True,1,1,143.12,servicios,mediana,202,True
117013.98,0,basico,False,2,3,149.21,salud,mediana,241,True
117234.15,30,empresarial,True,25,6,1254.18,servicios,mediana,115,False
39860.39,11,profesional,False,9,8,387.43,servicios,pequena,49,False
127240.7,3,profesional,True,7,1,498.17,manufactura,mediana,243,True
13663.08,19,profesional,True,10,2,546.26,educacion,pequena,45,False
37421.39,24,empresarial,True,38,4,1237.17,tecnologia,pequena,12,False
22376.85,4,basico,False,2,2,147.44,tecnologia,pequena,30,True
84819.76,1,basico,True,3,7,176.38,educacion,mediana,239,False
530023.57,27,profesional,False,8,2,412.07,educacion,grande,554,False
22972.31,28,basico,True,1,3,187.9,educacion,pequena,47,False
136347.46,4,empresarial,False,46,4,984.95,salud,mediana,72,False
75678.27,28,profesional,False,10,3,557.36,salud,mediana,85,False
33479.74,28,empresarial,False,16,5,1181.42,servicios,mediana,206,False
34006.47,30,empresarial,False,41,7,1147.18,tecnologia,pequena,36,False
113898.48,6,profesional,False,6,4,483.88,comercio,mediana,160,False
83918.09,17,personalizado,True,44,4,2162.21,manufactura,mediana,221,False
487571.68,30,profesional,False,5,8,475.18,servicios,grande,1264,False
31086.82,27,empresarial,True,49,8,1355.61,servicios,pequena,8,False
687093.86,18,basico,False,2,8,181.56,servicios,grande,828,False
37391.72,6,profesional,True,10,0,415.52,servicios,pequena,23,True
71023.9,2,profesional,True,5,7,518.87,comercio,mediana,116,False
25332.47,8,basico,False,3,8,185.34,educacion,pequena,41,False
42215.77,2,profesional,True,4,7,548.5,comercio,pequena,2,False
41219.24,6,personalizado,True,27,6,2395.53,salud,pequena,38,False
24918.24,2,profesional,True,7,3,392.24,servicios,pequena,15,True
20464.48,23,basico,False,3,6,190.35,comercio,pequena,46,False
39631.74,18,basico,False,0,5,154.22,salud,pequena,47,True
33004.18,16,basico,True,3,7,151.87,comercio,pequena,26,False
28155.81,25,basico,False,3,3,178.77,tecnologia,pequena,17,True
136716.69,12,personalizado,True,15,6,2228.21,tecnologia,mediana,247,False
570673.88,12,profesional,False,2,7,551.54,tecnologia,grande,1031,False
98565.76,6,basico,True,0,7,132.63,servicios,mediana,106,False
18356.62,13,profesional,False,8,1,532.49,educacion,pequena,11,False
26290.42,5,basico,False,0,7,192.69,servicios,pequena,23,True
420698.14,18,basico,True,3,1,194.71,manufactura,grande,1384,True
21246.05,30,empresarial,True,17,8,1392.28,tecnologia,pequena,34,False
34038.26,16,profesional,True,6,0,558.83,tecnologia,pequena,42,True
425325.7,9,personalizado,True,38,2,2243.64,servicios,grande,963,False
520453.41,21,profesional,False,3,5,578.25,comercio,grande,745,False
22237.52,25,profesional,False,8,4,570.4,servicios,pequena,29,False
82029.97,14,empresarial,False,13,6,1199.51,tecnologia,mediana,160,False
25779.61,7,personalizado,False,19,3,2371.15,salud,pequena,9,False
125582.44,22,empresarial,False,48,0,989.09,servicios,mediana,172,False
31727.29,5,personalizado,True,43,5,2566.31,comercio,pequena,22,False
26461.32,30,empresarial,False,10,4,1281.77,comercio,pequena,4,False
115213.55,9,empresarial,False,42,4,1134.98,servicios,mediana,155,False
39572.71,10,basico,False,3,3,154.91,comercio,pequena,24,True
116793.64,22,empresarial,False,13,8,1218.79,educacion,mediana,82,False
27491.71,0,profesional,False,4,7,388.13,educacion,pequena,41,True
541695.42,6,profesional,False,9,1,576.47,comercio,grande,673,True
87922.99,3,profesional,False,6,0,441.21,manufactura,mediana,176,True
7610.13,12,personalizado,False,13,1,2100.82,manufactura,pequena,5,True
132242.87,17,personalizado,True,33,0,1960.68,comercio,mediana,249,False
24522.83,5,basico,False,2,6,185.34,servicios,pequena,37,False
3944.61,10,empresarial,True,20,5,1362.29,comercio,pequena,30,False
19556.78,23,empresarial,False,21,4,982.18,tecnologia,pequena,23,False
504161.45,29,basico,False,2,5,137.78,salud,grande,328,False
143635.97,0,basico,False,1,7,157.73,servicios,mediana,241,True
513423.61,19,basico,True,2,7,140.04,tecnologia,grande,1193,False
527195.3,0,empresarial,False,27,3,1299.23,comercio,grande,1269,False
659596.08,16,profesional,False,9,5,394.25,educacion,grande,892,False
31621.45,27,personalizado,False,22,5,2523.95,manufactura,pequena,11,False
678816.34,24,profesional,True,10,8,460.02,tecnologia,grande,343,False
126285.15,7,personalizado,False,21,6,2436.22,comercio,mediana,244,False
24716.87,8,profesional,False,10,2,468.51,manufactura,pequena,26,False
102640.98,24,empresarial,True,40,7,1010.81,comercio,mediana,107,False
17308.7,25,basico,False,1,3,142.37,tecnologia,pequena,47,True
35105.24,8,profesional,False,2,6,395.62,tecnologia,pequena,33,False
20802.16,0,empresarial,False,13,8,992.07,educacion,pequena,22,False
14053.04,13,personalizado,False,37,7,2967.12,educacion,pequena,3,False
24568.6,19,empresarial,True,37,0,1073.49,servicios,pequena,2,False
442175.61,13,basico,False,2,1,148.22,salud,grande,560,True
162803.97,28,basico,False,0,7,136.08,manufactura,mediana,58,False
24592.54,25,basico,False,3,1,178.47,servicios,pequena,36,True
33679.8,24,basico,False,0,0,189.88,educacion,pequena,26,True
29512.29,0,profesional,True,9,2,542.42,educacion,pequena,49,False
47297.95,26,empresarial,False,22,4,1238.24,servicios,pequena,27,False
142763.96,23,empresarial,True,25,1,1337.55,comercio,mediana,202,False
39489.34,12,empresarial,False,27,1,1135.09,manufactura,pequena,28,True
90582.26,18,empresarial,False,39,3,1360.45,manufactura,mediana,148,False
108088.48,25,empresarial,False,37,5,1330.27,tecnologia,mediana,67,False
118067.14,28,basico,True,1,4,127.62,educacion,mediana,208,False
506972.0,17,basico,False,2,7,160.43,comercio,grande,1306,False
19407.64,1,profesional,False,4,8,436.08,tecnologia,pequena,24,False
294278.16,19,empresarial,True,44,0,977.69,educacion,grande,1151,False
83793.47,21,basico,False,2,6,184.62,comercio,mediana,120,False
82941.73,1,profesional,False,11,1,384.11,manufactura,mediana,58,True
143952.05,25,profesional,False,5,3,530.36,servicios,mediana,119,False
67523.9,6,basico,True,0,3,194.2,manufactura,mediana,79,False
455066.58,27,profesional,False,5,6,480.11,comercio,grande,870,False
23622.89,17,empresarial,False,38,2,1118.76,comercio,pequena,21,True
143615.93,9,profesional,False,6,8,505.18,comercio,mediana,234,False
105340.38,1,basico,False,3,3,181.82,tecnologia,mediana,170,True
13527.34,0,empresarial,False,23,7,1053.92,servicios,pequena,48,False
500460.01,22,basico,False,3,8,144.42,educacion,grande,560,False
29144.23,11,empresarial,False,48,4,1235.55,comercio,pequena,42,False
57397.06,26,basico,False,3,0,190.94,servicios,mediana,137,True
35652.79,7,profesional,True,7,6,442.93,comercio,pequena,39,False
32528.02,28,profesional,False,5,3,458.79,tecnologia,pequena,45,False
125091.41,29,basico,False,2,3,194.55,tecnologia,mediana,166,False
31083.96,3,empresarial,True,14,4,1022.23,salud,pequena,30,False
27096.79,20,basico,True,3,2,132.7,manufactura,pequena,6,False
35993.52,29,basico,False,2,2,167.31,comercio,pequena,16,True
34194.13,10,basico,False,0,8,129.14,servicios,pequena,3,True
124730.77,2,empresarial,False,33,2,1024.31,servicios,mediana,99,False
472733.57,27,empresarial,False,47,4,1242.99,servicios,grande,667,False
3000.0,14,personalizado,False,25,6,2637.6,comercio,pequena,37,False
98903.96,0,basico,False,0,1,161.95,tecnologia,mediana,130,True
21942.1,26,profesional,False,8,5,460.21,servicios,pequena,17,False
57564.91,21,basico,False,1,8,166.39,comercio,mediana,106,False
40713.95,2,profesional,False,2,7,512.79,salud,pequena,41,False
10498.21,8,personalizado,False,21,0,2786.6,manufactura,pequena,44,True
39111.67,0,empresarial,False,29,3,1327.41,tecnologia,pequena,5,True
219084.65,29,profesional,True,11,0,517.12,manufactura,mediana,194,False
13587.85,0,profesional,True,11,5,563.58,servicios,pequena,2,False
22657.14,24,personalizado,False,9,2,2822.36,manufactura,pequena,41,False
103143.37,15,profesional,False,9,8,409.48,educacion,mediana,215,False
75882.62,18,basico,False,3,1,192.08,servicios,mediana,97,True
31498.78,25,basico,False,0,7,187.69,educacion,pequena,9,True
95909.36,27,basico,True,0,3,149.16,manufactura,mediana,224,True
632698.98,3,basico,False,0,8,128.86,servicios,grande,721,True
20665.45,0,basico,False,2,1,168.27,manufactura,pequena,23,True
165737.56,3,profesional,False,8,2,471.28,comercio,mediana,58,False
24695.73,21,profesional,False,11,3,534.29,tecnologia,pequena,33,False
102108.48,17,basico,False,1,8,162.91,comercio,mediana,223,False
3000.0,2,profesional,False,3,6,397.99,educacion,pequena,35,False
126487.35,7,personalizado,True,39,7,2208.25,educacion,mediana,166,False
25055.41,16,empresarial,False,34,4,1371.85,salud,pequena,15,False
14144.3,22,profesional,False,6,7,390.13,comercio,pequena,20,False
457231.28,10,basico,False,2,5,177.23,manufactura,grande,381,False
23739.24,29,empresarial,False,29,6,1079.51,servicios,pequena,16,False
690088.86,30,basico,False,3,7,158.05,comercio,grande,1130,False
355099.69,23,basico,False,0,8,163.34,manufactura,grande,1426,False
450656.92,14,personalizado,True,23,5,2213.83,salud,grande,1344,False
22637.34,27,profesional,False,2,3,514.52,educacion,pequena,33,False
93273.45,22,empresarial,False,49,5,1278.25,tecnologia,mediana,75,False
23342.35,16,profesional,False,7,6,399.72,manufactura,pequena,8,False
24925.64,13,profesional,False,10,8,458.22,servicios,pequena,37,False
654483.45,25,basico,False,0,6,177.75,manufactura,grande,1231,False
81726.22,17,basico,True,0,8,176.21,servicios,mediana,145,False
20489.99,5,basico,False,1,6,164.26,servicios,pequena,11,True
37615.35,30,basico,False,2,8,179.99,comercio,pequena,19,False
58965.43,2,empresarial,True,13,6,988.28,salud,mediana,200,False
87197.67,21,basico,False,3,7,135.48,educacion,mediana,156,False
14889.96,20,profesional,False,4,1,515.64,servicios,pequena,40,True
364637.35,18,empresarial,False,23,8,1278.2,tecnologia,grande,1451,False
12575.42,1,empresarial,False,37,3,1338.19,educacion,pequena,8,True
17948.09,15,profesional,False,5,7,419.16,servicios,pequena,43,True
132445.63,27,profesional,True,7,3,487.15,comercio,mediana,230,True
224530.51,7,personalizado,True,47,4,2638.96,manufactura,grande,1028,False
13518.67,21,profesional,True,11,6,427.8,comercio,pequena,47,False
20417.22,26,empresarial,True,18,4,1190.88,servicios,pequena,26,False
24238.04,29,personalizado,True,11,6,2615.79,servicios,pequena,24,False
247617.3,16,empresarial,True,37,0,1041.15,comercio,grande,1076,False
7401.9,9,basico,True,2,7,152.85,manufactura,pequena,32,False
8970.0,21,profesional,True,3,3,426.31,comercio,pequena,31,False
734280.76,15,basico,True,0,7,188.45,salud,grande,943,False
5509.61,19,profesional,True,8,2,430.45,salud,pequena,28,False
142896.71,22,personalizado,False,9,5,2080.06,servicios,mediana,213,False
26620.92,22,profesional,False,8,5,389.62,tecnologia,pequena,40,False
47468.34,7,profesional,False,9,1,391.6,comercio,mediana,178,True
23582.82,23,basico,True,0,4,140.43,manufactura,pequena,7,False
21342.43,16,personalizado,False,43,5,2584.5,salud,pequena,44,False
33445.71,28,basico,True,3,7,128.69,educacion,pequena,15,False
75961.35,20,basico,True,1,7,146.86,tecnologia,mediana,78,False
68522.41,27,basico,True,2,3,131.43,comercio,mediana,209,False
25377.23,30,basico,False,3,5,154.75,servicios,pequena,39,False
28831.69,30,profesional,True,11,1,392.34,tecnologia,pequena,43,True
384655.18,23,profesional,True,9,8,505.53,comercio,grande,1091,False
32863.24,18,basico,True,0,7,173.97,servicios,pequena,45,False
37145.57,3,basico,True,3,8,176.87,tecnologia,pequena,7,False
108430.99,11,basico,False,2,4,142.64,manufactura,mediana,97,False
19758.17,14,profesional,False,5,3,558.37,comercio,pequena,16,False
22646.2,24,basico,False,3,6,174.09,servicios,pequena,21,True
23564.27,18,profesional,True,11,6,393.97,manufactura,pequena,13,False
14919.75,13,basico,False,0,1,157.25,servicios,pequena,11,True
37659.34,4,basico,True,1,4,179.32,comercio,pequena,23,True
118896.67,22,profesional,True,4,5,445.46,salud,mediana,54,False
58124.03,13,profesional,False,11,4,459.77,manufactura,mediana,113,False
31417.11,1,basico,False,0,3,170.0,comercio,pequena,18,True
109751.51,8,basico,False,3,2,131.24,comercio,mediana,79,True
32198.28,27,empresarial,True,38,3,1413.63,tecnologia,pequena,27,False
136133.67,3,basico,False,2,2,139.28,servicios,mediana,249,True
23543.39,12,profesional,False,6,2,387.9,manufactura,pequena,27,False
69201.85,15,profesional,True,11,1,383.58,salud,mediana,56,False
31236.42,2,basico,False,2,3,154.47,manufactura,pequena,13,True
18715.62,5,profesional,True,11,5,561.56,salud,pequena,30,False
3000.0,29,empresarial,False,25,3,1340.78,educacion,pequena,36,False
14183.0,18,empresarial,False,41,1,1386.46,educacion,pequena,26,True
24389.52,6,basico,False,3,7,163.53,salud,pequena,16,True
91629.25,5,basico,False,0,3,157.79,comercio,mediana,186,True
55925.7,13,basico,False,0,5,153.55,servicios,mediana,109,False
30827.46,22,profesional,True,6,4,391.9,servicios,pequena,12,False
481395.85,22,profesional,False,4,4,566.68,comercio,grande,799,False
139124.63,6,basico,False,1,3,160.99,salud,mediana,194,True
508002.38,22,basico,False,2,6,158.22,tecnologia,grande,276,False
158063.93,27,personalizado,False,43,7,2488.2,servicios,mediana,93,False
136177.98,7,basico,True,2,8,181.11,servicios,mediana,167,False
14107.42,0,profesional,False,11,3,427.96,servicios,pequena,19,True
104193.16,29,empresarial,True,40,3,1286.4,comercio,mediana,90,False
614272.07,16,basico,False,3,0,175.48,tecnologia,grande,639,True
17924.77,24,basico,False,1,3,184.84,comercio,pequena,46,True
23855.45,9,basico,False,0,8,128.09,tecnologia,pequena,30,True
30096.51,9,personalizado,False,34,2,2131.36,tecnologia,pequena,38,True
334142.35,6,basico,True,1,7,159.3,tecnologia,grande,1231,False
19655.29,6,basico,False,2,6,184.91,servicios,pequena,19,False
99393.03,14,basico,False,3,5,192.65,tecnologia,mediana,87,False
145982.38,3,basico,False,3,5,167.65,tecnologia,mediana,104,False
709508.34,26,profesional,False,11,6,425.46,servicios,grande,865,False
20462.42,15,basico,True,1,0,139.96,salud,pequena,8,True
93138.59,28,profesional,True,7,1,511.99,manufactura,mediana,205,False
408697.59,15,profesional,True,3,1,425.04,salud,grande,735,False
23187.77,9,empresarial,True,45,6,1208.78,servicios,pequena,7,False
172863.31,15,basico,True,3,3,183.85,salud,mediana,89,False
26987.71,4,empresarial,False,8,1,1127.96,educacion,pequena,35,True
95642.2,25,profesional,True,5,0,459.14,manufactura,mediana,130,False
32015.65,22,basico,False,3,4,129.94,educacion,pequena,20,True
30527.29,4,empresarial,True,36,3,1060.77,comercio,pequena,32,False
22593.3,18,empresarial,True,25,1,1280.6,educacion,pequena,49,True
19330.02,16,basico,False,0,0,151.83,tecnologia,pequena,17,True
14560.84,6,personalizado,True,35,6,2118.84,manufactura,pequena,12,False
125949.15,3,profesional,True,5,7,403.92,comercio,mediana,137,False
25196.5,23,profesional,False,8,2,401.75,tecnologia,pequena,15,False
17137.14,8,personalizado,False,36,4,2637.2,comercio,pequena,24,True
158106.49,16,basico,True,1,2,168.85,servicios,mediana,245,False
105095.27,7,empresarial,True,10,3,1191.67,comercio,mediana,51,False
8390.08,20,basico,False,3,0,161.27,manufactura,pequena,14,True
485983.27,1,empresarial,False,44,8,1010.8,servicios,grande,911,False
20255.85,11,profesional,True,7,6,483.87,tecnologia,pequena,35,False
109310.33,16,basico,False,3,8,131.55,manufactura,mediana,173,False
14061.53,13,profesional,False,11,2,569.99,comercio,pequena,25,True
132162.02,18,basico,False,1,7,131.42,comercio,mediana,111,False
519492.19,5,basico,False,1,4,156.09,manufactura,grande,395,True
71218.58,13,basico,False,2,1,127.54,servicios,mediana,109,True
95541.98,23,basico,False,1,2,180.57,comercio,mediana,115,False
111176.36,10,basico,False,3,7,138.72,salud,mediana,124,False
6895.54,4,basico,True,0,6,189.93,comercio,pequena,44,True
82379.24,26,empresarial,False,36,6,956.77,salud,mediana,69,False
141550.63,24,empresarial,False,22,2,1341.29,salud,mediana,58,False
526337.03,21,empresarial,False,41,5,1260.04,salud,grande,507,False
24024.97,24,basico,False,3,8,144.36,salud,pequena,25,False
17810.53,24,empresarial,False,8,0,1035.2,tecnologia,pequena,32,True
147619.41,23,profesional,False,6,2,454.93,manufactura,mediana,90,False
20816.15,15,basico,False,1,0,183.42,salud,pequena,44,True
33117.59,0,basico,False,1,0,185.68,manufactura,pequena,10,True
23874.3,18,profesional,False,6,8,418.0,tecnologia,pequena,44,False
184996.2,8,basico,False,0,2,151.36,educacion,mediana,79,True
23278.15,23,profesional,True,9,1,430.59,educacion,pequena,8,True
30147.84,14,personalizado,True,14,0,2081.94,tecnologia,pequena,36,True
13162.79,28,basico,False,1,8,171.14,comercio,pequena,49,False
657778.08,18,basico,False,1,4,150.85,educacion,grande,1351,False
110932.2,17,personalizado,False,37,7,2188.27,manufactura,mediana,151,False
18575.73,28,profesional,False,7,2,557.86,comercio,pequena,44,False
23626.47,14,basico,False,3,5,178.01,servicios,pequena,26,True
88083.34,11,empresarial,False,43,7,1318.01,salud,mediana,82,False
30480.88,11,empresarial,False,31,6,954.4,manufactura,pequena,13,False
83753.67,27,profesional,False,5,4,567.81,educacion,mediana,95,False
30799.34,23,profesional,True,10,1,498.88,educacion,pequena,23,True
597419.81,5,basico,True,0,2,161.51,salud,grande,417,False
11158.77,15,basico,True,1,5,128.21,servicios,pequena,40,False
44746.94,11,profesional,False,3,4,564.28,educacion,mediana,103,False
22317.67,20,basico,False,3,0,164.21,educacion,pequena,12,True
532543.2,1,profesional,False,3,1,549.59,salud,grande,380,True
316569.7,22,empresarial,True,37,3,1259.48,manufactura,grande,941,False
127616.11,23,basico,False,1,1,181.28,tecnologia,mediana,116,True
39933.02,7,profesional,False,10,4,522.82,educacion,pequena,45,False
43206.33,4,basico,False,2,2,189.67,educacion,pequena,47,True
118639.89,19,empresarial,True,11,2,1046.61,servicios,mediana,190,False
93546.0,7,basico,False,0,0,141.14,educacion,mediana,195,True
12680.53,29,profesional,False,6,4,526.79,educacion,pequena,5,True
31236.76,24,profesional,False,11,1,484.03,servicios,pequena,41,True
20018.08,29,profesional,False,5,5,503.83,educacion,pequena,19,False
143211.34,16,profesional,False,4,8,525.98,tecnologia,mediana,56,False
88707.8,29,empresarial,False,8,8,1205.98,comercio,mediana,75,False
151277.68,0,profesional,False,10,6,542.01,tecnologia,mediana,241,False
92724.62,8,empresarial,True,45,7,1092.84,tecnologia,mediana,141,False
34496.8,0,personalizado,False,12,8,2844.06,educacion,pequena,46,True
17146.92,21,profesional,True,9,6,404.3,manufactura,pequena,6,False
42350.23,15,profesional,False,9,2,510.89,manufactura,pequena,21,False
25258.77,8,basico,True,1,4,187.58,tecnologia,mediana,246,False
41154.3,9,empresarial,False,9,7,1060.08,salud,pequena,20,False
14834.89,19,profesional,False,7,6,448.68,tecnologia,pequena,33,False
24989.87,5,profesional,False,3,3,444.35,servicios,pequena,9,False
20098.04,15,basico,True,3,1,165.59,tecnologia,pequena,36,True
69313.69,19,empresarial,False,37,1,1139.37,salud,mediana,207,False
33013.57,7,profesional,True,2,3,404.36,comercio,pequena,29,False
39998.27,7,profesional,True,10,7,562.99,salud,pequena,44,False
90267.81,10,basico,False,1,4,141.32,educacion,mediana,234,False
20951.44,18,personalizado,False,8,0,2507.77,manufactura,pequena,24,True
26842.55,7,basico,False,0,8,167.65,comercio,pequena,11,False
17179.22,11,basico,False,2,3,130.25,servicios,pequena,18,True
84694.74,16,empresarial,False,19,3,982.38,educacion,mediana,234,False
13536.99,5,personalizado,False,30,7,2960.7,manufactura,pequena,12,False
155719.99,17,basico,False,2,3,172.35,servicios,mediana,109,False
698793.78,4,profesional,False,11,5,389.3,servicios,grande,1271,False
106290.64,4,empresarial,True,40,8,1328.13,comercio,mediana,179,False
24536.46,7,empresarial,False,29,4,1186.73,comercio,pequena,36,True
64266.81,8,basico,True,2,5,132.58,comercio,mediana,79,False
36219.11,0,profesional,False,2,3,520.35,comercio,pequena,15,True
19148.16,29,empresarial,False,49,8,1182.18,salud,pequena,27,False
11031.27,9,empresarial,False,27,0,1036.44,servicios,pequena,38,True
29598.3,24,empresarial,False,41,2,1369.46,servicios,pequena,43,False
3000.0,27,profesional,False,11,8,441.5,educacion,pequena,32,False
36101.54,24,basico,True,3,4,146.71,salud,pequena,33,False
22864.13,25,personalizado,False,45,1,2237.32,servicios,pequena,39,True
43313.0,3,empresarial,False,17,3,1314.89,servicios,pequena,14,False
72050.21,11,empresarial,False,20,2,1284.53,comercio,mediana,135,False
593286.82,23,basico,False,1,4,188.46,educacion,grande,368,False
23994.91,17,basico,False,2,2,142.98,servicios,pequena,32,True
76662.1,0,empresarial,False,28,3,1324.25,comercio,mediana,103,False
11301.57,17,basico,False,0,8,166.18,educacion,pequena,9,True
30957.48,24,personalizado,False,45,0,2274.48,servicios,pequena,39,True
31761.37,25,basico,False,0,6,129.89,servicios,pequena,19,True
42851.28,11,empresarial,True,33,0,1340.38,servicios,pequena,44,False
35080.5,7,empresarial,False,20,4,1054.33,manufactura,pequena,36,True
19061.05,9,profesional,False,8,6,510.43,comercio,pequena,49,False
14961.37,9,basico,True,2,8,164.55,comercio,pequena,32,False
11315.09,10,profesional,False,7,2,383.4,salud,pequena,27,False
39732.24,9,profesional,False,10,0,583.85,salud,pequena,11,True
17218.26,14,profesional,True,9,6,547.4,educacion,pequena,21,False
39802.3,1,profesional,True,8,8,481.01,salud,pequena,43,False
30250.72,8,personalizado,True,15,5,2659.15,educacion,pequena,20,False
28299.03,9,profesional,False,4,0,479.01,manufactura,pequena,4,True
21931.32,4,basico,True,1,4,177.76,comercio,pequena,13,False
31606.73,27,basico,False,3,3,136.57,comercio,pequena,30,True
24845.29,20,profesional,True,4,4,472.89,tecnologia,pequena,32,False
193366.99,28,basico,True,0,0,150.15,tecnologia,grande,1270,True
31960.05,17,basico,True,2,2,158.53,servicios,pequena,46,False
23560.28,3,profesional,False,7,8,473.72,educacion,pequena,27,False
17016.65,28,basico,False,1,0,137.16,comercio,pequena,28,True
402189.81,14,personalizado,False,26,8,2965.67,manufactura,grande,580,False
120900.03,21,basico,False,1,4,128.55,salud,mediana,98,False
100093.7,11,basico,False,2,5,128.18,tecnologia,mediana,215,False
507733.5,15,empresarial,True,31,8,1119.85,comercio,grande,922,True
12908.79,15,empresarial,False,31,1,1242.09,tecnologia,pequena,39,True
451566.77,8,basico,False,1,8,139.63,salud,grande,914,False
40466.11,17,basico,False,3,2,163.49,comercio,pequena,33,True
114669.46,22,basico,False,2,3,176.29,tecnologia,mediana,182,False
21121.89,0,profesional,False,11,4,401.55,tecnologia,pequena,35,True
21996.82,4,profesional,False,8,5,581.85,salud,pequena,29,False
404065.15,26,basico,True,0,2,150.23,tecnologia,grande,683,False
21461.7,17,basico,True,2,7,170.86,servicios,pequena,15,False
538307.82,30,profesional,False,9,0,404.92,tecnologia,grande,819,True
43722.35,18,personalizado,False,29,5,2689.32,salud,pequena,31,False
59443.22,20,profesional,False,4,5,552.69,educacion,mediana,199,False
429233.5,27,profesional,True,8,4,403.82,educacion,grande,1290,False
11016.08,20,basico,True,1,5,136.0,tecnologia,pequena,49,True
438037.37,10,basico,False,2,6,146.47,manufactura,grande,909,False
91083.95,16,basico,True,3,8,128.31,servicios,mediana,236,False
101542.68,7,empresarial,False,17,1,1423.1,tecnologia,mediana,173,True
22359.96,10,empresarial,False,38,4,1231.2,tecnologia,pequena,13,False
13322.48,21,personalizado,True,46,5,2583.86,servicios,pequena,22,False
71190.55,4,personalizado,False,40,3,2947.53,salud,mediana,85,False
17298.72,20,personalizado,False,30,8,2816.15,tecnologia,pequena,26,False
24051.91,18,personalizado,False,33,4,2797.74,comercio,pequena,13,True
12654.98,9,basico,False,0,5,150.42,salud,pequena,5,True
519120.43,1,basico,False,2,1,150.1,manufactura,grande,1085,True
36548.85,21,basico,False,3,3,147.19,salud,pequena,34,True
103358.97,25,profesional,False,4,5,452.71,servicios,mediana,62,False
522162.5,22,basico,False,3,3,152.44,educacion,grande,1325,False
40359.07,13,empresarial,True,10,6,1004.3,comercio,pequena,9,False
21340.68,20,profesional,False,10,1,454.58,educacion,pequena,35,True
185257.67,12,profesional,True,7,1,472.97,comercio,mediana,72,False
7378.82,11,basico,False,0,3,148.38,comercio,pequena,5,True
130892.58,10,basico,False,0,2,138.66,tecnologia,mediana,71,True
98287.15,6,basico,False,3,7,152.71,comercio,mediana,200,False
97583.27,30,empresarial,True,18,7,1173.05,manufactura,mediana,197,False
32444.09,20,profesional,False,5,4,528.45,tecnologia,pequena,12,False
55755.4,5,empresarial,True,28,4,1287.06,educacion,mediana,61,False
104378.26,26,basico,False,0,2,141.18,salud,mediana,113,True
17766.65,4,basico,False,3,4,129.97,salud,pequena,2,True
151003.36,18,profesional,False,3,6,444.02,manufactura,mediana,78,False
693288.35,5,empresarial,False,41,6,1012.78,servicios,grande,1215,False
89799.85,11,empresarial,False,34,8,1130.92,manufactura,mediana,142,False
28844.29,20,basico,False,3,5,193.61,tecnologia,pequena,17,False
9344.73,30,personalizado,False,46,3,2142.41,educacion,pequena,29,False
40201.06,30,basico,False,3,0,149.02,salud,pequena,3,True
20227.93,27,empresarial,False,35,6,1293.93,comercio,pequena,31,False
35505.34,7,basico,False,1,7,161.87,tecnologia,pequena,31,False
473310.75,2,basico,False,3,4,130.47,comercio,grande,621,True
31115.79,28,empresarial,False,25,8,1015.04,educacion,pequena,32,False
62254.61,28,basico,False,3,2,190.63,educacion,mediana,179,False
20475.6,8,profesional,False,4,0,403.39,tecnologia,pequena,5,True
35919.06,0,profesional,False,11,5,511.11,servicios,pequena,10,False
17410.15,20,basico,True,0,1,180.98,servicios,pequena,17,True
32779.34,2,empresarial,False,41,0,1066.39,comercio,pequena,35,True
123199.64,1,empresarial,False,37,6,1293.91,servicios,mediana,91,False
426868.71,29,empresarial,True,41,3,1019.1,tecnologia,grande,473,False
763692.89,15,basico,False,2,5,146.72,servicios,grande,1461,False
25499.76,3,profesional,False,8,6,445.64,servicios,pequena,21,False
135022.45,20,basico,True,1,3,194.76,tecnologia,mediana,75,False
27475.57,11,basico,True,0,5,141.98,manufactura,pequena,4,True
437131.37,16,basico,True,2,4,136.22,servicios,grande,1194,False
19598.46,27,personalizado,False,18,5,2913.09,servicios,pequena,26,False
24449.72,7,empresarial,False,35,6,1015.16,servicios,pequena,11,False
26340.04,20,empresarial,True,24,3,1370.24,salud,pequena,38,False
18836.43,25,profesional,True,3,4,514.22,tecnologia,pequena,40,False
23712.41,13,profesional,False,2,5,499.31,servicios,pequena,16,False
558799.55,30,profesional,False,5,1,534.65,salud,grande,1082,True
115382.92,13,profesional,False,4,1,529.51,salud,mediana,201,True
485940.68,14,profesional,False,10,0,404.88,educacion,grande,876,True
27730.94,27,basico,True,0,1,194.96,salud,pequena,38,True
109712.48,19,basico,False,0,3,191.08,tecnologia,mediana,50,True
5207.48,26,personalizado,False,47,8,2882.97,manufactura,pequena,33,False
3000.0,24,profesional,False,5,8,508.51,tecnologia,pequena,16,False
21007.09,22,personalizado,False,34,6,2496.09,manufactura,pequena,40,False
11214.36,7,basico,False,3,5,163.7,servicios,pequena,9,True
182427.99,12,profesional,False,3,1,385.52,educacion,mediana,56,True
27056.57,26,basico,False,1,3,161.21,educacion,pequena,16,True
34204.14,19,basico,True,2,6,169.6,comercio,pequena,11,False
129341.04,8,basico,False,0,8,171.96,servicios,mediana,232,True
28996.31,10,basico,False,3,8,149.92,manufactura,pequena,30,False
268973.42,24,personalizado,False,38,3,2442.78,comercio,grande,303,False
28475.09,5,basico,False,0,4,170.45,tecnologia,pequena,28,True
153974.66,3,profesional,False,2,4,469.23,comercio,mediana,78,False
119589.6,23,profesional,False,2,0,577.33,educacion,mediana,175,True
102072.32,8,profesional,False,6,1,525.35,servicios,mediana,132,True
110389.32,23,profesional,False,4,0,382.76,manufactura,mediana,175,True
354926.26,16,basico,False,2,6,129.07,comercio,grande,854,False
103330.32,30,personalizado,False,12,2,2669.46,servicios,mediana,150,False
24403.32,16,empresarial,False,26,6,1139.26,comercio,pequena,2,False
21722.58,26,empresarial,False,26,3,1350.54,servicios,pequena,18,False
144826.08,26,profesional,False,4,7,417.54,comercio,mediana,182,False
22008.27,6,basico,False,2,1,128.43,salud,pequena,14,True
3000.0,30,personalizado,False,14,2,2356.67,servicios,pequena,35,False
3000.0,23,basico,False,1,1,177.18,comercio,pequena,25,True
37724.22,3,basico,False,1,3,193.09,manufactura,pequena,19,True
37302.58,0,basico,True,3,5,187.15,servicios,pequena,33,True
153581.74,8,empresarial,True,27,1,1174.62,tecnologia,mediana,222,True
184137.34,0,profesional,True,10,6,547.1,tecnologia,mediana,120,False
50760.38,11,empresarial,False,38,8,969.81,salud,mediana,100,False
20804.16,30,empresarial,False,14,0,1218.27,comercio,pequena,46,True
25114.25,14,basico,False,1,0,189.89,tecnologia,pequena,10,True
116037.75,0,personalizado,False,39,8,2365.26,educacion,mediana,112,False
41485.75,15,profesional,False,5,5,576.92,manufactura,pequena,24,False
101807.13,6,profesional,False,9,8,427.19,comercio,mediana,95,False
29782.81,26,basico,False,2,6,134.63,comercio,pequena,18,True
713915.97,2,personalizado,False,16,6,2498.13,servicios,grande,696,False
12050.33,23,basico,False,2,1,188.74,educacion,pequena,31,True
